First Name,Last Name,Title,Organization,Estimated Budget Bracket,Email,LinkedIn Profile
Susan,Hernandez,Assistant Athletic Director,Riverton High School,$5k - $15k/yr,susan.hernandez@rivertonhighschool.edu,https://linkedin.com/in/susan-hernandez-951
Susan,Jones,Strength and Conditioning Coach,Franklin High School,$5k - $15k/yr,susan.jones@franklinhighschool.edu,https://linkedin.com/in/susan-jones-392
Linda,Brown,Recruiting Coordinator,Springfield High School,$5k - $15k/yr,linda.brown@springfieldhighschool.edu,https://linkedin.com/in/linda-brown-937
Michael,Johnson,Athletic Director,University Athletics,$1k - $3k/yr,michael.johnson@universityathletics.edu,https://linkedin.com/in/michael-johnson-514
James,Taylor,Athletic Director,Oakridge High School,$5k - $15k/yr,james.taylor@oakridgehighschool.edu,https://linkedin.com/in/james-taylor-148
James,Martinez,Athletic Director,University Athletics,$1k - $3k/yr,james.martinez@universityathletics.edu,https://linkedin.com/in/james-martinez-885
Robert,Thomas,Assistant Athletic Director,State Athletics,$1k - $3k/yr,robert.thomas@stateathletics.edu,https://linkedin.com/in/robert-thomas-760
Thomas,Brown,Head Coach,Oakridge High School,$5k - $15k/yr,thomas.brown@oakridgehighschool.edu,https://linkedin.com/in/thomas-brown-872
David,Johnson,Recruiting Coordinator,Academy Athletics,$1k - $3k/yr,david.johnson@academyathletics.edu,https://linkedin.com/in/david-johnson-419
James,Gonzalez,Recruiting Coordinator,Tech Athletics,$1k - $3k/yr,james.gonzalez@techathletics.edu,https://linkedin.com/in/james-gonzalez-609
Richard,Hernandez,Strength and Conditioning Coach,Fairview High School,$5k - $15k/yr,richard.hernandez@fairviewhighschool.edu,https://linkedin.com/in/richard-hernandez-399
Karen,Smith,Recruiting Coordinator,Academy Athletics,$1k - $3k/yr,karen.smith@academyathletics.edu,https://linkedin.com/in/karen-smith-417
Thomas,Thomas,Head Coach,Tech Athletics,$1k - $3k/yr,thomas.thomas@techathletics.edu,https://linkedin.com/in/thomas-thomas-233
Barbara,Jackson,Director of Performance,Georgetown High School,$5k - $15k/yr,barbara.jackson@georgetownhighschool.edu,https://linkedin.com/in/barbara-jackson-919
Charles,Gonzalez,Head Coach,Georgetown High School,$5k - $15k/yr,charles.gonzalez@georgetownhighschool.edu,https://linkedin.com/in/charles-gonzalez-196
Linda,Brown,Head Coach,Franklin High School,$5k - $15k/yr,linda.brown@franklinhighschool.edu,https://linkedin.com/in/linda-brown-911
Mary,Garcia,Athletic Director,Franklin High School,$5k - $15k/yr,mary.garcia@franklinhighschool.edu,https://linkedin.com/in/mary-garcia-420
Jennifer,Davis,Head Coach,University Athletics,$1k - $3k/yr,jennifer.davis@universityathletics.edu,https://linkedin.com/in/jennifer-davis-391
John,Smith,Head Coach,College Athletics,$1k - $3k/yr,john.smith@collegeathletics.edu,https://linkedin.com/in/john-smith-859
Elizabeth,Lopez,Assistant Athletic Director,University Athletics,$1k - $3k/yr,elizabeth.lopez@universityathletics.edu,https://linkedin.com/in/elizabeth-lopez-509
John,Jackson,Head Coach,Oakridge High School,$5k - $15k/yr,john.jackson@oakridgehighschool.edu,https://linkedin.com/in/john-jackson-349
Michael,Rodriguez,Independent Performance Coach,Rodriguez Elite Training,$2k - $5k/yr,michael@rodriguezelitetraining.com,https://linkedin.com/in/michael-rodriguez-446
Linda,Garcia,Independent Performance Coach,Garcia Elite Training,$2k - $5k/yr,linda@garciaelitetraining.com,https://linkedin.com/in/linda-garcia-739
Charles,Jones,Strength and Conditioning Coach,Madison High School,$5k - $15k/yr,charles.jones@madisonhighschool.edu,https://linkedin.com/in/charles-jones-296
James,Martinez,Strength and Conditioning Coach,Academy Athletics,$1k - $3k/yr,james.martinez@academyathletics.edu,https://linkedin.com/in/james-martinez-896
David,Thomas,Head Coach,Fairview High School,$5k - $15k/yr,david.thomas@fairviewhighschool.edu,https://linkedin.com/in/david-thomas-308
Joseph,Jones,Strength and Conditioning Coach,University Athletics,$1k - $3k/yr,joseph.jones@universityathletics.edu,https://linkedin.com/in/joseph-jones-670
Barbara,Martin,Recruiting Coordinator,University Athletics,$1k - $3k/yr,barbara.martin@universityathletics.edu,https://linkedin.com/in/barbara-martin-419
John,Wilson,Athletic Director,College Athletics,$1k - $3k/yr,john.wilson@collegeathletics.edu,https://linkedin.com/in/john-wilson-112
Karen,Davis,Head Coach,Tech Athletics,$1k - $3k/yr,karen.davis@techathletics.edu,https://linkedin.com/in/karen-davis-965
Jennifer,Moore,Assistant Athletic Director,University Athletics,$1k - $3k/yr,jennifer.moore@universityathletics.edu,https://linkedin.com/in/jennifer-moore-790
Michael,Davis,Head Coach,Riverton High School,$5k - $15k/yr,michael.davis@rivertonhighschool.edu,https://linkedin.com/in/michael-davis-389
Joseph,Miller,Recruiting Coordinator,Tech Athletics,$1k - $3k/yr,joseph.miller@techathletics.edu,https://linkedin.com/in/joseph-miller-680
Barbara,Davis,Independent Performance Coach,Davis Elite Training,$2k - $5k/yr,barbara@daviselitetraining.com,https://linkedin.com/in/barbara-davis-652
Richard,Martin,Head Coach,Academy Athletics,$1k - $3k/yr,richard.martin@academyathletics.edu,https://linkedin.com/in/richard-martin-809
Jennifer,Martin,Head Coach,Georgetown High School,$5k - $15k/yr,jennifer.martin@georgetownhighschool.edu,https://linkedin.com/in/jennifer-martin-253
Sarah,Rodriguez,Director of Performance,Tech Athletics,$1k - $3k/yr,sarah.rodriguez@techathletics.edu,https://linkedin.com/in/sarah-rodriguez-560
Charles,Miller,Head Coach,University Athletics,$1k - $3k/yr,charles.miller@universityathletics.edu,https://linkedin.com/in/charles-miller-876
Susan,Anderson,Independent Performance Coach,Anderson Elite Training,$2k - $5k/yr,susan@andersonelitetraining.com,https://linkedin.com/in/susan-anderson-793
John,Gonzalez,Athletic Director,Tech Athletics,$1k - $3k/yr,john.gonzalez@techathletics.edu,https://linkedin.com/in/john-gonzalez-584
William,Johnson,Recruiting Coordinator,College Athletics,$1k - $3k/yr,william.johnson@collegeathletics.edu,https://linkedin.com/in/william-johnson-645
Jennifer,Smith,Recruiting Coordinator,Academy Athletics,$1k - $3k/yr,jennifer.smith@academyathletics.edu,https://linkedin.com/in/jennifer-smith-518
Karen,Wilson,Athletic Director,Fairview High School,$5k - $15k/yr,karen.wilson@fairviewhighschool.edu,https://linkedin.com/in/karen-wilson-862
Jennifer,Hernandez,Head Coach,Georgetown High School,$5k - $15k/yr,jennifer.hernandez@georgetownhighschool.edu,https://linkedin.com/in/jennifer-hernandez-993
Elizabeth,Williams,Head Coach,College Athletics,$1k - $3k/yr,elizabeth.williams@collegeathletics.edu,https://linkedin.com/in/elizabeth-williams-882
Richard,Moore,Strength and Conditioning Coach,University Athletics,$1k - $3k/yr,richard.moore@universityathletics.edu,https://linkedin.com/in/richard-moore-360
Richard,Martinez,Independent Performance Coach,Martinez Elite Training,$2k - $5k/yr,richard@martinezelitetraining.com,https://linkedin.com/in/richard-martinez-319
William,Moore,Athletic Director,Franklin High School,$5k - $15k/yr,william.moore@franklinhighschool.edu,https://linkedin.com/in/william-moore-756
Mary,Jackson,Strength and Conditioning Coach,Springfield High School,$5k - $15k/yr,mary.jackson@springfieldhighschool.edu,https://linkedin.com/in/mary-jackson-708
Patricia,Johnson,Assistant Athletic Director,Academy Athletics,$1k - $3k/yr,patricia.johnson@academyathletics.edu,https://linkedin.com/in/patricia-johnson-257
William,Lopez,Director of Performance,University Athletics,$1k - $3k/yr,william.lopez@universityathletics.edu,https://linkedin.com/in/william-lopez-294
Barbara,Martinez,Assistant Athletic Director,Academy Athletics,$1k - $3k/yr,barbara.martinez@academyathletics.edu,https://linkedin.com/in/barbara-martinez-555
William,Johnson,Assistant Athletic Director,Fairview High School,$5k - $15k/yr,william.johnson@fairviewhighschool.edu,https://linkedin.com/in/william-johnson-375
Elizabeth,Smith,Head Coach,University Athletics,$1k - $3k/yr,elizabeth.smith@universityathletics.edu,https://linkedin.com/in/elizabeth-smith-191
Karen,Lopez,Strength and Conditioning Coach,University Athletics,$1k - $3k/yr,karen.lopez@universityathletics.edu,https://linkedin.com/in/karen-lopez-266
James,Lopez,Head Coach,State Athletics,$1k - $3k/yr,james.lopez@stateathletics.edu,https://linkedin.com/in/james-lopez-217
David,Moore,Strength and Conditioning Coach,State Athletics,$1k - $3k/yr,david.moore@stateathletics.edu,https://linkedin.com/in/david-moore-484
Jennifer,Wilson,Athletic Director,Georgetown High School,$5k - $15k/yr,jennifer.wilson@georgetownhighschool.edu,https://linkedin.com/in/jennifer-wilson-428
Robert,Miller,Independent Performance Coach,Miller Elite Training,$2k - $5k/yr,robert@millerelitetraining.com,https://linkedin.com/in/robert-miller-925
John,Garcia,Assistant Athletic Director,Riverton High School,$5k - $15k/yr,john.garcia@rivertonhighschool.edu,https://linkedin.com/in/john-garcia-543
David,Anderson,Recruiting Coordinator,Oakridge High School,$5k - $15k/yr,david.anderson@oakridgehighschool.edu,https://linkedin.com/in/david-anderson-938
Jessica,Garcia,Director of Performance,University Athletics,$1k - $3k/yr,jessica.garcia@universityathletics.edu,https://linkedin.com/in/jessica-garcia-515
Elizabeth,Rodriguez,Director of Performance,Oakridge High School,$5k - $15k/yr,elizabeth.rodriguez@oakridgehighschool.edu,https://linkedin.com/in/elizabeth-rodriguez-149
Karen,Moore,Recruiting Coordinator,Franklin High School,$5k - $15k/yr,karen.moore@franklinhighschool.edu,https://linkedin.com/in/karen-moore-602
David,Martinez,Assistant Athletic Director,College Athletics,$1k - $3k/yr,david.martinez@collegeathletics.edu,https://linkedin.com/in/david-martinez-583
Sarah,Jones,Head Coach,Oakridge High School,$5k - $15k/yr,sarah.jones@oakridgehighschool.edu,https://linkedin.com/in/sarah-jones-385
William,Miller,Head Coach,Tech Athletics,$1k - $3k/yr,william.miller@techathletics.edu,https://linkedin.com/in/william-miller-276
John,Jackson,Athletic Director,Oakridge High School,$5k - $15k/yr,john.jackson@oakridgehighschool.edu,https://linkedin.com/in/john-jackson-164
Sarah,Brown,Strength and Conditioning Coach,Riverton High School,$5k - $15k/yr,sarah.brown@rivertonhighschool.edu,https://linkedin.com/in/sarah-brown-779
Mary,Thomas,Head Coach,Riverton High School,$5k - $15k/yr,mary.thomas@rivertonhighschool.edu,https://linkedin.com/in/mary-thomas-771
Jessica,Gonzalez,Assistant Athletic Director,Franklin High School,$5k - $15k/yr,jessica.gonzalez@franklinhighschool.edu,https://linkedin.com/in/jessica-gonzalez-367
John,Wilson,Director of Performance,Springfield High School,$5k - $15k/yr,john.wilson@springfieldhighschool.edu,https://linkedin.com/in/john-wilson-749
David,Moore,Director of Performance,Georgetown High School,$5k - $15k/yr,david.moore@georgetownhighschool.edu,https://linkedin.com/in/david-moore-208
Robert,Garcia,Athletic Director,Georgetown High School,$5k - $15k/yr,robert.garcia@georgetownhighschool.edu,https://linkedin.com/in/robert-garcia-800
Linda,Rodriguez,Strength and Conditioning Coach,College Athletics,$1k - $3k/yr,linda.rodriguez@collegeathletics.edu,https://linkedin.com/in/linda-rodriguez-197
James,Rodriguez,Director of Performance,Springfield High School,$5k - $15k/yr,james.rodriguez@springfieldhighschool.edu,https://linkedin.com/in/james-rodriguez-759
Jessica,Gonzalez,Athletic Director,State Athletics,$1k - $3k/yr,jessica.gonzalez@stateathletics.edu,https://linkedin.com/in/jessica-gonzalez-795
Jennifer,Johnson,Assistant Athletic Director,Franklin High School,$5k - $15k/yr,jennifer.johnson@franklinhighschool.edu,https://linkedin.com/in/jennifer-johnson-814
John,Anderson,Athletic Director,Tech Athletics,$1k - $3k/yr,john.anderson@techathletics.edu,https://linkedin.com/in/john-anderson-115
Thomas,Jackson,Independent Performance Coach,Jackson Elite Training,$2k - $5k/yr,thomas@jacksonelitetraining.com,https://linkedin.com/in/thomas-jackson-653
Thomas,Lopez,Athletic Director,Academy Athletics,$1k - $3k/yr,thomas.lopez@academyathletics.edu,https://linkedin.com/in/thomas-lopez-578
Mary,Taylor,Strength and Conditioning Coach,University Athletics,$1k - $3k/yr,mary.taylor@universityathletics.edu,https://linkedin.com/in/mary-taylor-276
Michael,Jones,Strength and Conditioning Coach,Georgetown High School,$5k - $15k/yr,michael.jones@georgetownhighschool.edu,https://linkedin.com/in/michael-jones-236
Susan,Taylor,Head Coach,Oakridge High School,$5k - $15k/yr,susan.taylor@oakridgehighschool.edu,https://linkedin.com/in/susan-taylor-213
James,Garcia,Assistant Athletic Director,Franklin High School,$5k - $15k/yr,james.garcia@franklinhighschool.edu,https://linkedin.com/in/james-garcia-362
Richard,Moore,Assistant Athletic Director,Georgetown High School,$5k - $15k/yr,richard.moore@georgetownhighschool.edu,https://linkedin.com/in/richard-moore-226
Karen,Johnson,Independent Performance Coach,Johnson Elite Training,$2k - $5k/yr,karen@johnsonelitetraining.com,https://linkedin.com/in/karen-johnson-836
Mary,Thomas,Athletic Director,Springfield High School,$5k - $15k/yr,mary.thomas@springfieldhighschool.edu,https://linkedin.com/in/mary-thomas-843
Karen,Davis,Director of Performance,Riverton High School,$5k - $15k/yr,karen.davis@rivertonhighschool.edu,https://linkedin.com/in/karen-davis-732
Thomas,Brown,Athletic Director,College Athletics,$1k - $3k/yr,thomas.brown@collegeathletics.edu,https://linkedin.com/in/thomas-brown-479
David,Garcia,Recruiting Coordinator,Tech Athletics,$1k - $3k/yr,david.garcia@techathletics.edu,https://linkedin.com/in/david-garcia-243
Jessica,Smith,Independent Performance Coach,Smith Elite Training,$2k - $5k/yr,jessica@smithelitetraining.com,https://linkedin.com/in/jessica-smith-185
Susan,Thomas,Recruiting Coordinator,Madison High School,$5k - $15k/yr,susan.thomas@madisonhighschool.edu,https://linkedin.com/in/susan-thomas-878
Barbara,Davis,Athletic Director,State Athletics,$1k - $3k/yr,barbara.davis@stateathletics.edu,https://linkedin.com/in/barbara-davis-418
Barbara,Davis,Recruiting Coordinator,Tech Athletics,$1k - $3k/yr,barbara.davis@techathletics.edu,https://linkedin.com/in/barbara-davis-349
David,Jones,Director of Performance,Georgetown High School,$5k - $15k/yr,david.jones@georgetownhighschool.edu,https://linkedin.com/in/david-jones-235
Linda,Jones,Recruiting Coordinator,Oakridge High School,$5k - $15k/yr,linda.jones@oakridgehighschool.edu,https://linkedin.com/in/linda-jones-667
Linda,Garcia,Athletic Director,State Athletics,$1k - $3k/yr,linda.garcia@stateathletics.edu,https://linkedin.com/in/linda-garcia-124
Linda,Wilson,Recruiting Coordinator,Georgetown High School,$5k - $15k/yr,linda.wilson@georgetownhighschool.edu,https://linkedin.com/in/linda-wilson-736
Robert,Jackson,Head Coach,Riverton High School,$5k - $15k/yr,robert.jackson@rivertonhighschool.edu,https://linkedin.com/in/robert-jackson-721
